country,lifeExp
Canada,80.653
Costa Rica,78.782
Puerto Rico,78.746
Chile,78.553
Cuba,78.273
United States,78.242
Uruguay,76.384
Mexico,76.195
Panama,75.537
Argentina,75.32
Ecuador,74.994
Venezuela,73.747
Nicaragua,72.899
Colombia,72.889
Jamaica,72.567
Brazil,72.39
Dominican Republic,72.235
El Salvador,71.878
Paraguay,71.752
Peru,71.421
Guatemala,70.259
Honduras,70.198
Trinidad and Tobago,69.819
Bolivia,65.554
Haiti,60.916
