country,lifeExp
Argentina,75.32
Bolivia,65.554
Brazil,72.39
Canada,80.653
Chile,78.553
Colombia,72.889
Costa Rica,78.782
Cuba,78.273
Dominican Republic,72.235
Ecuador,74.994
El Salvador,71.878
Guatemala,70.259
Haiti,60.916
Honduras,70.198
Jamaica,72.567
Mexico,76.195
Nicaragua,72.899
Panama,75.537
Paraguay,71.752
Peru,71.421
Puerto Rico,78.746
Trinidad and Tobago,69.819
United States,78.242
Uruguay,76.384
Venezuela,73.747
